name_a,name_b,similarity_score,suggested_flag,reviewer_decision
WESTCOAST BRACE & LIMB,WEST COAST BRACE & LIMB,97.78,LIKELY_DIFFERENT (direction mismatch),MERGE
HANGER PROSTHETICS & ORTHOTICS WEST,HANGER PROSTHETICS & ORTHOTICS EAST,97.14,LIKELY_DIFFERENT (direction mismatch),KEEP_SEPARATE
SOUTHEAST LOUISIANA VETERANS HOME,SOUTHWEST LOUISIANA VETERANS HOME,96.97,LIKELY_DIFFERENT (direction mismatch),KEEP_SEPARATE
RENAL TREATMENT CENTERS - WEST,RENAL TREATMENT CENTERS-WEST,96.55,LIKELY_DIFFERENT (direction mismatch),MERGE
NORTHERN ORTHOTICS & PROSTHETICS,NORTHWEST ORTHOTICS & PROSTHETICS,92.31,LIKELY_DIFFERENT (direction mismatch),KEEP_SEPARATE
HANGER PROSTHETICS & ORTHOTICS,HANGER PROSTHETICS & ORTHOTICS EAST,92.31,LIKELY_DIFFERENT (direction mismatch),KEEP_SEPARATE
HANGER PROSTHETICS & ORTHOTICS,HANGER PROSTHETICS & ORTHOTICS WEST,92.31,LIKELY_DIFFERENT (direction mismatch),KEEP_SEPARATE
NORTHWEST ORTHOTICS & PROSTHETICS,NORTHEAST ORTHOTICS AND PROSTHETICS,91.18,LIKELY_DIFFERENT (direction mismatch),KEEP_SEPARATE
PRUITTHEALTH - NORTH AUGUSTA,PRUITTHEALTH - AUGUSTA,88,LIKELY_DIFFERENT (direction mismatch),KEEP_SEPARATE
UNIVERSITY OF FLORIDA,UNIVERSITY OF SOUTH FLORIDA,87.5,LIKELY_DIFFERENT (direction mismatch),KEEP_SEPARATE
AMERICAN VETERAN CONSTRUCTION,AMERICAN WEST CONSTRUCTION,87.27,LIKELY_DIFFERENT (direction mismatch),KEEP_SEPARATE
ORTHOTICS & PROSTHETICS EAST,ORTHOTIC & PROSTHETIC LAB,86.79,LIKELY_DIFFERENT (direction mismatch),KEEP_SEPARATE
NORTHERN ORTHOTICS & PROSTHETICS,NORTHEAST ORTHOTICS AND PROSTHETICS,86.57,LIKELY_DIFFERENT (direction mismatch),KEEP_SEPARATE
HANGER PROSTHETICS & ORTHOTICS EAST,HANGER PROSTHETICS & HOSTICS,85.71,LIKELY_DIFFERENT (direction mismatch),KEEP_SEPARATE
HANGER PROSTHETICS & ORTHOTICS WEST,HANGER PROSTHETICS & HOSTICS,85.71,LIKELY_DIFFERENT (direction mismatch),KEEP_SEPARATE
RENAL TREATMENT CENTERS - WEST,RENAL TREATMENT CENTERS - SOUTHEAST LP,85.29,LIKELY_DIFFERENT (direction mismatch),KEEP_SEPARATE
UNIVERSITY OF SOUTH CAROLINA,UNIVERSITY OF SOUTHERN CALIFORNIA,85.25,LIKELY_DIFFERENT (direction mismatch),KEEP_SEPARATE
CENTER FOR ORTHOTIC AND PROSTHETIC CARE OF NORTH CAROLINA,CENTER FOR ORTHOTIC AND PROSTHETIC CARE OF KENTUCKY,85.19,LIKELY_DIFFERENT (direction mismatch),KEEP_SEPARATE
MARQUIS COMPANIES II,MARQUIS COMPANIES I,97.44,LIKELY_DIFFERENT (numeric/roman suffix mismatch),KEEP_SEPARATE
MGC SERVICES A JOINT VENTURE 2,MGC SERVICES A JOINT VENTURE,96.55,LIKELY_DIFFERENT (numeric/roman suffix mismatch),KEEP_SEPARATE
DYNAMIC GOVERNMENT RESOURCES 2,DYNAMIC GOVERNMENT RESOURCES,96.55,LIKELY_DIFFERENT (numeric/roman suffix mismatch),KEEP_SEPARATE
POTOMAC VALOR HEALTHCARE 2,POTOMAC VALOR HEALTHCARE,96,LIKELY_DIFFERENT (numeric/roman suffix mismatch),KEEP_SEPARATE
CARDINAL HEALTH PR 120,CARDINAL HEALTH PR 220,95.45,LIKELY_DIFFERENT (numeric/roman suffix mismatch),KEEP_SEPARATE
CLEAR VANTAGE POINT SOLUTIONS,CLEAR VANTAGE POINT SOLUTIONS II,95.08,LIKELY_DIFFERENT (numeric/roman suffix mismatch),KEEP_SEPARATE
SPEES-HERNANDEZ JV,SPEES-HERNANDEZ JV 2,94.74,LIKELY_DIFFERENT (numeric/roman suffix mismatch),KEEP_SEPARATE
OPTUM PHARMACY 801,OPTUM PHARMACY 601,94.44,LIKELY_DIFFERENT (numeric/roman suffix mismatch),KEEP_SEPARATE
DAX/GBAB JV 4,DAX/GBAB JV 3,92.31,LIKELY_DIFFERENT (numeric/roman suffix mismatch),KEEP_SEPARATE
DAX/GBAB JV 4,DAX/GBAB JV,91.67,LIKELY_DIFFERENT (numeric/roman suffix mismatch),KEEP_SEPARATE
DAX/GBAB JV 3,DAX/GBAB JV,91.67,LIKELY_DIFFERENT (numeric/roman suffix mismatch),KEEP_SEPARATE
SIGNATURE CHOICE,SIGNATURE CHOICE II,91.43,LIKELY_DIFFERENT (numeric/roman suffix mismatch),KEEP_SEPARATE
FFE - HEAPY JV,FFE - HEAPY JV-II,90.32,LIKELY_DIFFERENT (numeric/roman suffix mismatch),KEEP_SEPARATE
GUIDON MES JV,GUIDON MES JV II,89.66,LIKELY_DIFFERENT (numeric/roman suffix mismatch),KEEP_SEPARATE
CARDINAL HEALTH 200,CARDINAL HEALTH 108,89.47,LIKELY_DIFFERENT (numeric/roman suffix mismatch),KEEP_SEPARATE
CARDINAL HEALTH 414,CARDINAL HEALTH 108,89.47,LIKELY_DIFFERENT (numeric/roman suffix mismatch),KEEP_SEPARATE
VYAIRE MEDICAL 203,VYAIRE MEDICAL 211,88.89,LIKELY_DIFFERENT (numeric/roman suffix mismatch),KEEP_SEPARATE
CARDINAL HEALTH,CARDINAL HEALTH 108,88.24,LIKELY_DIFFERENT (numeric/roman suffix mismatch),KEEP_SEPARATE
CARDINAL HEALTH 200,CARDINAL HEALTH,88.24,LIKELY_DIFFERENT (numeric/roman suffix mismatch),KEEP_SEPARATE
CARDINAL HEALTH 414,CARDINAL HEALTH,88.24,LIKELY_DIFFERENT (numeric/roman suffix mismatch),KEEP_SEPARATE
LJBCO GROUP,LJBCO GROUP II,88,LIKELY_DIFFERENT (numeric/roman suffix mismatch),KEEP_SEPARATE
CARDINAL HEALTH PR 120,CARDINAL HEALTH 108,87.8,LIKELY_DIFFERENT (numeric/roman suffix mismatch),KEEP_SEPARATE
CARDINAL HEALTH 200,CARDINAL HEALTH PR 120,87.8,LIKELY_DIFFERENT (numeric/roman suffix mismatch),KEEP_SEPARATE
CARDINAL HEALTH 200,CARDINAL HEALTH PR 220,87.8,LIKELY_DIFFERENT (numeric/roman suffix mismatch),KEEP_SEPARATE
VYAIRE MEDICAL 203,VYAIRE MEDICAL,87.5,LIKELY_DIFFERENT (numeric/roman suffix mismatch),KEEP_SEPARATE
VYAIRE MEDICAL,VYAIRE MEDICAL 211,87.5,LIKELY_DIFFERENT (numeric/roman suffix mismatch),KEEP_SEPARATE
ADVANCE PROSTHETICS AND ORTHOTICS,ADVANCED PROSTHETICS AND ORTHOTICS,98.51,LIKELY_SAME (safe to merge),MERGE
AMERICAN VETERANS SERVICES,AMERICAN VETERAN SERVICES,98.04,LIKELY_SAME (safe to merge),MERGE
VETERANS FIRST HEALTHCARE,VETERANS FIRST HEALTH CARE,98.04,LIKELY_SAME (safe to merge),MERGE
TURN-KEY TECHNOLOGIES,TURNKEY TECHNOLOGIES,97.56,LIKELY_SAME (safe to merge),MERGE
VETERANS ELECTRIC,VETERAN ELECTRIC,96.97,LIKELY_SAME (safe to merge),MERGE
WINNIE-STOWELL HOSPITAL DISTRICT,WINNIE STOWELL HOSPITAL DISTRICT,96.88,LIKELY_SAME (safe to merge),MERGE
CENTER FOR ORTHOTIC & PROSTHETIC CARE OF NORTH CAROLINA,CENTER FOR ORTHOTIC AND PROSTHETIC CARE OF NORTH CAROLINA,96.43,LIKELY_SAME (safe to merge),MERGE
UNIVERSITY OF TEXAS HEALTH SCIENCE CENTER AT HOUSTON,UNIVERSITY OF TEXAS HEALTH SCIENCE CENTER AT HOUSTON THE,96.3,LIKELY_SAME (safe to merge),MERGE
MOBILITYWORKS,MOBILITY WORKS,96.3,LIKELY_SAME (safe to merge),MERGE
CENTER FOR ORTHOTIC & PROSTHETIC CARE OF KENTUCKY,CENTER FOR ORTHOTIC AND PROSTHETIC CARE OF KENTUCKY,96,LIKELY_SAME (safe to merge),MERGE
GUARD FORCE,GUARD FORCES,95.65,LIKELY_SAME (safe to merge),MERGE
NORTHWESTERN UNIVERSITY,NORTHEASTERN UNIVERSITY,95.65,LIKELY_SAME (safe to merge),KEEP_SEPARATE
HEALTH AND HOSPITAL CORP OF MARION COUNTY THE,HEALTH & HOSPITAL CORP OF MARION COUNTY THE,95.45,LIKELY_SAME (safe to merge),MERGE
SOUTH DADE AIR CONDITIONING AND REFRIGERATION,SOUTH DADE AIR CONDITIONING & REFRIGERATION,95.45,LIKELY_SAME (safe to merge),MERGE
PARAGON TECHNOLOGIES,PARAGONIX TECHNOLOGIES,95.24,LIKELY_SAME (safe to merge),KEEP_SEPARATE
REGENTS OF THE UNIVERSITY OF CALIFORNIA THE,REGENTS OF THE UNIVERSITY OF CALIFORNIA,95.12,LIKELY_SAME (safe to merge),MERGE
PARADIGM ENGINEERS AND CONSTRUCTORS PLLC,PARADIGM ENGINEERS & CONSTRUCTORS PLLC,94.87,LIKELY_SAME (safe to merge),MERGE
MEDICAL UNIVERSITY OF SOUTH CAROLINA THE,MEDICAL UNIVERSITY OF SOUTH CAROLINA,94.74,LIKELY_SAME (safe to merge),MERGE
REGENTS OF THE UNIVERSITY OF MINNESOTA,REGENTS OF UNIVERSITY OF MINNESOTA,94.44,LIKELY_SAME (safe to merge),MERGE
WFV 3 CONSTRUCTION,WFV 4 CONSTRUCTION,94.44,LIKELY_SAME (safe to merge),KEEP_SEPARATE
WFV 4 CONSTRUCTION,WFV 2 CONSTRUCTION,94.44,LIKELY_SAME (safe to merge),KEEP_SEPARATE
PRIORITY 5 HOLDINGS,PRIORITY HOLDINGS,94.44,LIKELY_SAME (safe to merge),KEEP_SEPARATE
WFV 3 CONSTRUCTION,WFV 2 CONSTRUCTION,94.44,LIKELY_SAME (safe to merge),KEEP_SEPARATE
AMERICAN ORTHOTICS AND PROSTHETICS,AMERICAN ORTHOPEDICS AND PROSTHETICS,94.29,LIKELY_SAME (safe to merge),MERGE
WFV CONSTRUCTION,WFV 3 CONSTRUCTION,94.12,LIKELY_SAME (safe to merge),KEEP_SEPARATE
NORTH BAY PROSTHETICS AND ORTHOTICS,NORTH BAY PROSTHETICS & ORTHOTICS,94.12,LIKELY_SAME (safe to merge),MERGE
PARTYTIME RENTALS,PARTY TIME RENTAL,94.12,LIKELY_SAME (safe to merge),MERGE
PRECISION ORTHOTICS & PROSTHETICS,PRECISION ORTHOTICS AND PROSTHETICS,94.12,LIKELY_SAME (safe to merge),MERGE
WFV CONSTRUCTION,WFV 4 CONSTRUCTION,94.12,LIKELY_SAME (safe to merge),KEEP_SEPARATE
WFV CONSTRUCTION,WFV 2 CONSTRUCTION,94.12,LIKELY_SAME (safe to merge),KEEP_SEPARATE
AMERI CON,AMERICON,94.12,LIKELY_SAME (safe to merge),MERGE
ADVANCED ORTHOPEDICS & PROSTHETICS,ADVANCED ORTHOTICS & PROSTHETICS,93.94,LIKELY_SAME (safe to merge),MERGE
ADVANCED PROSTHETICS AND ORTHOTICS,ADVANCED PROSTHETICS & ORTHOTICS,93.94,LIKELY_SAME (safe to merge),MERGE
WATERVILLE SNF OPERATIONS,WATERVIEW SNF OPERATIONS,93.88,LIKELY_SAME (safe to merge),KEEP_SEPARATE
MOBILE PROSTHETICS & ORTHOTICS,MOBILITY PROSTHETICS & ORTHOTICS,93.55,LIKELY_SAME (safe to merge),MERGE
UNIVERSITY SURGICAL ASSOCIATES,UNIVERSITY UROLOGICAL ASSOCIATES,93.55,LIKELY_SAME (safe to merge),KEEP_SEPARATE
CAPITAL PROSTHETIC & ORTHOTICS CENTER,CAPITAL PROSTHETIC AND ORTHOTIC CENTER,93.33,LIKELY_SAME (safe to merge),MERGE
PHILIPS NORTH AMERICA,PHILIPS RS NORTH AMERICA,93.33,LIKELY_SAME (safe to merge),MERGE
ADAPTIVE TECHNOLOGIES,ADAPTIVE BIOTECHNOLOGIES,93.33,LIKELY_SAME (safe to merge),KEEP_SEPARATE
IDAHO PROSTHETICS AND ORTHOTICS,IDAHO PROSTHETICS & ORTHOTICS,93.33,LIKELY_SAME (safe to merge),MERGE
HANGER PROSTHETICS & ORTHOTICS,HANGER PROSTHETICS & HOSTICS,93.1,LIKELY_SAME (safe to merge),KEEP_SEPARATE
THE REMI GROUP,THE REID GROUP,92.86,LIKELY_SAME (safe to merge),KEEP_SEPARATE
HEALTH AND HOSPITAL CORP OF MARION COUNTY THE,HEALTH AND HOSPITAL CORPORATION OF MARION COUNTY THE,92.78,LIKELY_SAME (safe to merge),MERGE
UNIVERSITY OF MARYLAND NEUROSURGERY ASSOCIATES PA,UNIVERSITY OF MARYLAND NEUROLOGY ASSOCIATES PA,92.63,LIKELY_SAME (safe to merge),KEEP_SEPARATE
ADVANCE PROSTHETICS AND ORTHOTICS,ADVANCED PROSTHETICS & ORTHOTICS,92.31,LIKELY_SAME (safe to merge),MERGE
ADVANTAGE PROSTHETICS & ORTHOTICS,ADVANCED PROSTHETICS & ORTHOTICS,92.31,LIKELY_SAME (safe to merge),KEEP_SEPARATE
ADVANCED ORTHOTICS & PROSTHETICS,ADVANCE ORTHOTICS AND PROSTHETICS,92.31,LIKELY_SAME (safe to merge),MERGE
FDCD JOINT VENTURE,FDCD II JOINT VENTURE,92.31,LIKELY_SAME (safe to merge),KEEP_SEPARATE
ORTHOTIC PROSTHETIC SPECIALIST,ORTHOTIC & PROSTHETIC SPECIALTIES,92.06,LIKELY_SAME (safe to merge),MERGE
PAN-O-GOLD BAKING,PAN-O-GOLD BAKING CO,91.89,LIKELY_SAME (safe to merge),MERGE
AMERICAN VETERAN SOLUTIONS,AMERICAN VET SOLUTIONS,91.67,LIKELY_SAME (safe to merge),MERGE
VANDERBILT UNIVERSITY,VANDERBILT UNIVERSITY THE,91.3,LIKELY_SAME (safe to merge),MERGE
ORTHO-CLINICAL DIAGNOSTICS,ORTHO-CLINICAL DIAGNOSTICS GMBH,91.23,LIKELY_SAME (safe to merge),KEEP_SEPARATE
REGENTS OF THE UNIVERSITY OF MICHIGAN,REGENTS OF THE UNIVERSITY OF CA,91.18,LIKELY_SAME (safe to merge),KEEP_SEPARATE
VOLUNTEERS OF AMERICA OHIO & INDIANA,VOLUNTEERS OF AMERICA OF INDIANA,91.18,LIKELY_SAME (safe to merge),KEEP_SEPARATE
BELL MEDIA,BELL MEDICAL,90.91,LIKELY_SAME (safe to merge),KEEP_SEPARATE
LIFESERVE BLOOD CENTER,LIFESHARE BLOOD CENTER,90.91,LIKELY_SAME (safe to merge),KEEP_SEPARATE
RESPONDER SYSTEMS,RESPONSE SYSTEMS,90.91,LIKELY_SAME (safe to merge),MERGE
UNIVERSITY OF MARYLAND ANESTHESIOLOGY ASSOCIATES PA,UNIVERSITY OF MARYLAND NEUROLOGY ASSOCIATES PA,90.72,LIKELY_SAME (safe to merge),KEEP_SEPARATE
UNIVERSITY OF MARYLAND NEUROLOGY ASSOCIATES PA,UNIVERSITY OF MARYLAND EYE ASSOCIATES PA,90.7,LIKELY_SAME (safe to merge),KEEP_SEPARATE
RIVERSIDE HOME MEDICAL SUPPLY,RIVERSIDE MEDICAL SUPPLY,90.57,LIKELY_SAME (safe to merge),KEEP_SEPARATE
UNITED SITE SERVICES OF GEORGIA,UNITED SITE SERVICES OF FLORIDA,90.32,LIKELY_SAME (safe to merge),KEEP_SEPARATE
NORTH NURSING AND REHAB,NORTH LAKE NURSING AND REHAB,90.2,LIKELY_SAME (safe to merge),KEEP_SEPARATE
WASTE MANAGEMENT OF IOWA,WASTE MANAGEMENT OF ARIZONA,90.2,LIKELY_SAME (safe to merge),KEEP_SEPARATE
WATERS OF BRISTOL A REHABILITATION & NURSING CENTER,WATERS OF MEMPHIS A REHABILITATION & NURSING CENTER,90.2,LIKELY_SAME (safe to merge),KEEP_SEPARATE
CENTER FOR PROSTHETICS ORTHOTICS,CENTER FOR PROSTHETICS & ORTHOTICS PLLC,90.14,LIKELY_SAME (safe to merge),KEEP_SEPARATE
CARL ZEISS MEDITEC,CARL ZEISS MEDITEC USA,90,LIKELY_SAME (safe to merge),KEEP_SEPARATE
THE RAPID GROUP,THE REID GROUP,89.66,LIKELY_SAME (safe to merge),KEEP_SEPARATE
PROGRESSIVE ELDERCARE SERVICES,PROGRESSIVE ELDERCARE SERVICES-SALINE,89.55,LIKELY_SAME (safe to merge),KEEP_SEPARATE
VETERAN LED SOLUTIONS,VETERAN SOLUTIONS,89.47,LIKELY_SAME (safe to merge),KEEP_SEPARATE
VETERAN LED SOLUTIONS,VETERAN ELEVATED SOLUTIONS,89.36,LIKELY_SAME (safe to merge),KEEP_SEPARATE
REBOUND ORTHOTICS & PROSTHETICS,REBOUND ORTHOTICS & PROST,89.29,LIKELY_SAME (safe to merge),MERGE
INTEGRATED FIRE & SECURITY SOLUTIONS,INTEGRATED SECURITY SOLUTIONS,89.23,LIKELY_SAME (safe to merge),KEEP_SEPARATE
SGJV,SGJV2,88.89,LIKELY_SAME (safe to merge),KEEP_SEPARATE
MARTIN BIONICS CLINICAL CARE,MARTIN BIONICS CLINICAL CARE DALLAS,88.89,LIKELY_SAME (safe to merge),KEEP_SEPARATE
VALOR CONSTRUCTION,VALOR CONSTRUCTORS,88.89,LIKELY_SAME (safe to merge),MERGE
ONCOR,ONCO,88.89,LIKELY_SAME (safe to merge),KEEP_SEPARATE
NORTH BAY PROSTHETICS AND ORTHOTICS,NORTH SHORE PROSTHETICS AND ORTHOTICS,88.89,LIKELY_SAME (safe to merge),KEEP_SEPARATE
ACADIAN AMBULANCE SERVICE OF TENNESSEE,ACADIAN AMBULANCE SERVICE OF TEXAS,88.89,LIKELY_SAME (safe to merge),KEEP_SEPARATE
CASELLA WASTE MANAGEMENT OF NY,CASELLA WASTE MANAGEMENT,88.89,LIKELY_SAME (safe to merge),KEEP_SEPARATE
REGENTS OF THE UNIVERSITY OF CALIFORNIA,REGENTS OF THE UNIVERSITY OF CA,88.57,LIKELY_SAME (safe to merge),MERGE
UNIVERSITY OF CALIFORNIA DAVIS,UNIVERSITY OF CALIFORNIA IRVINE,88.52,LIKELY_SAME (safe to merge),KEEP_SEPARATE
ADAPTIVE TECH RESOURCES,ADAPTIVE TECHNOLOGY RESOURCES,88.46,LIKELY_SAME (safe to merge),MERGE
REGENTS OF THE UNIVERSITY OF CALIFORNIA THE,REGENTS OF THE UNIVERSITY OF CALIFORNIA AT RIVERSIDE,88.42,LIKELY_SAME (safe to merge),KEEP_SEPARATE
HEALTH AND HOSPITAL CORPORATION OF MARION COUNTY THE,HEALTH & HOSPITAL CORP OF MARION COUNTY THE,88.42,LIKELY_SAME (safe to merge),MERGE
HARMONY HOUSE NURSING & REHABILITATION CENTER,HARMONY NURSING AND REHABILITATION CENTER,88.37,LIKELY_SAME (safe to merge),MERGE
SYNERGY MEDICAL USA,SYNERGY MEDICAL,88.24,LIKELY_SAME (safe to merge),KEEP_SEPARATE
T & T TECHNOLOGY,T & T TECHNOLOGIES,88.24,LIKELY_SAME (safe to merge),MERGE
CAPITAL PROSTHETIC & ORTHOTICS CENTER,CAPITAL PROSTHETICS & ORTHOTICS,88.24,LIKELY_SAME (safe to merge),MERGE
CITY OF NORTHAMPTON,CITY OF HAMPTON,88.24,LIKELY_SAME (safe to merge),KEEP_SEPARATE
NEXT STEP BIONICS AND PROSTHETICS,NEXT STEP ORTHOTICS AND PROSTHETICS,88.24,LIKELY_SAME (safe to merge),KEEP_SEPARATE
UNITED SITE SERVICES OF TEXAS,UNITED SITE SERVICES OF NEVADA,88.14,LIKELY_SAME (safe to merge),KEEP_SEPARATE
LABORATORY CORPORATION OF AMERICA,LABORATORY CORP OF AMERICA,88.14,LIKELY_SAME (safe to merge),MERGE
LONG BEACH CARE CENTER,LONG BEACH HEALTHCARE CENTER,88,LIKELY_SAME (safe to merge),MERGE
PHARMALOGIC WV,PHARMALOGIC,88,LIKELY_SAME (safe to merge),KEEP_SEPARATE
PHARMALOGIC MT,PHARMALOGIC,88,LIKELY_SAME (safe to merge),KEEP_SEPARATE
UNIVERSITY OF MARYLAND SURGICAL ASSOCIATES PA,UNIVERSITY OF MARYLAND NEUROLOGY ASSOCIATES PA,87.91,LIKELY_SAME (safe to merge),KEEP_SEPARATE
ADVANTAGE PROSTHETICS & ORTHOTICS,ADVANCE PROSTHETICS AND ORTHOTICS,87.88,LIKELY_SAME (safe to merge),KEEP_SEPARATE
VETERANS CONSTRUCTION,VETERANS CONTRACTING,87.8,LIKELY_SAME (safe to merge),KEEP_SEPARATE
THE UNIVERSITY OF TEXAS HEALTH SCIENCE CENTER AT SAN ANTONIO,THE UNIVERSITY OF TEXAS HEALTH SCIENCE CENTER AT TYLER,87.72,LIKELY_SAME (safe to merge),KEEP_SEPARATE
SSC MYSTIC OPERATING COMPANY,SSC NIANTIC OPERATING COMPANY,87.72,LIKELY_SAME (safe to merge),KEEP_SEPARATE
WHITE STONE HEALTHCARE RESOURCES,WHITE STONE SPECTRUM HEALTHCARE RESOURCES,87.67,LIKELY_SAME (safe to merge),KEEP_SEPARATE
UNIVERSITY OF MARYLAND NEUROSURGERY ASSOCIATES PA,UNIVERSITY OF MARYLAND EYE ASSOCIATES PA,87.64,LIKELY_SAME (safe to merge),KEEP_SEPARATE
WATERS OF BRISTOL A REHABILITATION & NURSING CENTER,WATERS OF SWEETWATER A REHABILITATION & NURSING CENTER,87.62,LIKELY_SAME (safe to merge),KEEP_SEPARATE
MEDIACOM,MEDICOMP,87.5,LIKELY_SAME (safe to merge),KEEP_SEPARATE
ACCESS2MOBILITY,ACCESS & MOBILITY,87.5,LIKELY_SAME (safe to merge),KEEP_SEPARATE
SALVATION ARMY THE,SALVATION ARMY,87.5,LIKELY_SAME (safe to merge),MERGE
THE JANDOR GROUP,THE JAHNDA GROUP,87.5,LIKELY_SAME (safe to merge),KEEP_SEPARATE
TOTAL CARE ORTHOTICS AND PROSTHETICS,TOTAL REHAB ORTHOTICS & PROSTHETICS,87.32,LIKELY_SAME (safe to merge),KEEP_SEPARATE
MENTAL HEALTH ASSOCIATION IN DELAWARE,MENTAL HEALTH ASSOCIATION IN TULSA,87.32,LIKELY_SAME (safe to merge),KEEP_SEPARATE
WASTE MANAGEMENT OF ARIZONA,WASTE MANAGEMENT OF VIRGINIA,87.27,LIKELY_SAME (safe to merge),KEEP_SEPARATE
UNIVERSITY OF MARYLAND SURGICAL ASSOCIATES PA,UNIVERSITY OF MARYLAND NEUROSURGERY ASSOCIATES PA,87.23,LIKELY_SAME (safe to merge),KEEP_SEPARATE
MEDICAL GAS SOLUTIONS,MEDIALAB SOLUTIONS,87.18,LIKELY_SAME (safe to merge),KEEP_SEPARATE
THE WHITESTONE GROUP,THE WHITESIDE GROUP,87.18,LIKELY_SAME (safe to merge),KEEP_SEPARATE
BLUERIDGE TECHNOLOGY,BLUELINE TECHNOLOGY,87.18,LIKELY_SAME (safe to merge),KEEP_SEPARATE
HANDICAPPED DRIVER SERVICES,HANDICAPPED DRIVER SERVICES-FLORIDA,87.1,LIKELY_SAME (safe to merge),KEEP_SEPARATE
HANDICAPPED DRIVER SERVICES,HANDICAPPED DRIVER SERVICES-ALABAMA,87.1,LIKELY_SAME (safe to merge),KEEP_SEPARATE
UNIVERSITY OF MARYLAND SURGICAL ASSOCIATES PA,UNIVERSITY OF MARYLAND EYE ASSOCIATES PA,87.06,LIKELY_SAME (safe to merge),KEEP_SEPARATE
UNIVERSITY OF TEXAS HEALTH SCIENCE CENTER OF SAN ANTONIO,UNIVERSITY OF TEXAS HEALTH SCIENCE CENTER AT HOUSTON,87.04,LIKELY_SAME (safe to merge),KEEP_SEPARATE
NORTON SD SKILLED NURSING FACILITY,NORTHBROOK SKILLED NURSING FACILITY,86.96,LIKELY_SAME (safe to merge),KEEP_SEPARATE
REGENTS OF THE UNIVERSITY OF MINNESOTA,REGENTS OF THE UNIVERSITY OF CA,86.96,LIKELY_SAME (safe to merge),KEEP_SEPARATE
VETERANS CONTRACTING,VETERANS CONTRACTING GROUP,86.96,LIKELY_SAME (safe to merge),MERGE
NATIONAL CONTRACT MANAGEMENT ASSOCIATION,NATIONAL PEST MANAGEMENT ASSOCIATION,86.84,LIKELY_SAME (safe to merge),KEEP_SEPARATE
TOTAL MOBILITY SERVICES,TOTAL ACCESS MOBILITY SERVICES,86.79,LIKELY_SAME (safe to merge),KEEP_SEPARATE
SOUTHEASTERN MEDICAL BROKERS,SOUTHWESTERN MEDICAL REPS,86.79,LIKELY_SAME (safe to merge),KEEP_SEPARATE
WASTE MANAGEMENT OF OREGON,WASTE MANAGEMENT OF ARIZONA,86.79,LIKELY_SAME (safe to merge),KEEP_SEPARATE
WASTE MANAGEMENT OF IOWA,WASTE MANAGEMENT OF MINNESOTA,86.79,LIKELY_SAME (safe to merge),KEEP_SEPARATE
WASTE MANAGEMENT OF KANSAS,WASTE MANAGEMENT OF ARIZONA,86.79,LIKELY_SAME (safe to merge),KEEP_SEPARATE
AMERICAN MEDICAL RESPONSE OF COCHISE COUNTY,AMERICAN MEDICAL RESPONSE OF CONNECTICUT,86.75,LIKELY_SAME (safe to merge),KEEP_SEPARATE
UNITED SITE SERVICES OF GEORGIA,UNITED SITE SERVICES OF TEXAS,86.67,LIKELY_SAME (safe to merge),KEEP_SEPARATE
VILLA HEALTHCARE & REHABILITATION CENTER,VILLAGE PLACE HEALTHCARE AND REHABILITATION CENTER,86.67,LIKELY_SAME (safe to merge),KEEP_SEPARATE
ADVANTAGE PROSTHETICS & ORTHOTICS,ADVANCED PROSTHETICS AND ORTHOTICS,86.57,LIKELY_SAME (safe to merge),KEEP_SEPARATE
ADVANCED ORTHOPEDICS & PROSTHETICS,ADVANCE ORTHOTICS AND PROSTHETICS,86.57,LIKELY_SAME (safe to merge),MERGE
FRED HUTCHINSON CANCER RESEARCH CENTER,FRED HUTCHINSON CANCER CENTER,86.57,LIKELY_SAME (safe to merge),MERGE
SAME DAY TRANSCRIPTIONS,SAME DAY TRANSLATIONS,86.36,LIKELY_SAME (safe to merge),KEEP_SEPARATE
GEORGETOWN UNIVERSITY,GEORGE MASON UNIVERSITY,86.36,LIKELY_SAME (safe to merge),KEEP_SEPARATE
QUALITY POWER SOLUTIONS,QUALITY AIR SOLUTIONS,86.36,LIKELY_SAME (safe to merge),KEEP_SEPARATE
UNIVERSITY OF MARYLAND ORTHOPAEDIC ASSOCIATES PA,UNIVERSITY OF MARYLAND EYE ASSOCIATES PA,86.36,LIKELY_SAME (safe to merge),KEEP_SEPARATE
UNITED HOSPITAL SERVICES,UNITED SITE SERVICES,86.36,LIKELY_SAME (safe to merge),KEEP_SEPARATE
VETERANS CHOICE SERVICES,VETERANS TECHNICAL SERVICES,86.27,LIKELY_SAME (safe to merge),KEEP_SEPARATE
PERFORMANCE MEDICAL SUPPLY,PERFORMANCE HEALTH SUPPLY,86.27,LIKELY_SAME (safe to merge),KEEP_SEPARATE
ORTHOTIC & PROSTHETIC CENTERS,ORTHOTIC & PROSTHETIC DESIGNS,86.21,LIKELY_SAME (safe to merge),KEEP_SEPARATE
VOLUNTEERS OF AMERICA OF ILLINOIS,VOLUNTEERS OF AMERICA OF INDIANA,86.15,LIKELY_SAME (safe to merge),KEEP_SEPARATE
NYS OHM COOK CHILL PRODUCTION,NYS OMH COOK CHILL PRODUCTION CENTER,86.15,LIKELY_SAME (safe to merge),MERGE
CORNERSTONE CONSTRUCTION SERVICES,CORNERSTONE RESTORATION SERVICES,86.15,LIKELY_SAME (safe to merge),KEEP_SEPARATE
UNIVERSITY OF CALIFORNIA SAN DIEGO,UNIVERSITY OF CALIFORNIA SAN FRANCISCO,86.11,LIKELY_SAME (safe to merge),KEEP_SEPARATE
ABILITY PROSTHETICS & ORTHOTICS,ABILITY PROSTHETICS & ORTHOTICS OF NEVADA,86.11,LIKELY_SAME (safe to merge),KEEP_SEPARATE
UNIVERSITY OF MARYLAND SURGICAL ASSOCIATES PA,UNIVERSITY OF MARYLAND ORTHOPAEDIC ASSOCIATES PA,86.02,LIKELY_SAME (safe to merge),KEEP_SEPARATE
REGENTS OF THE UNIVERSITY OF CALIFORNIA THE,REGENTS OF THE UNIVERSITY OF CALIFORNIA SAN FRANCISCO THE,86,LIKELY_SAME (safe to merge),MERGE
PHARMALOGIC MT,PHARMALOGIC WV,85.71,LIKELY_SAME (safe to merge),KEEP_SEPARATE
THE REID GROUP,THE TRIM GROUP,85.71,LIKELY_SAME (safe to merge),KEEP_SEPARATE
UNIVERSITY OF MARYLAND ANESTHESIOLOGY ASSOCIATES PA,UNIVERSITY OF MARYLAND EYE ASSOCIATES PA,85.71,LIKELY_SAME (safe to merge),KEEP_SEPARATE
WATERS OF SWEETWATER A REHABILITATION & NURSING CENTER,WATERS OF MEMPHIS A REHABILITATION & NURSING CENTER,85.71,LIKELY_SAME (safe to merge),KEEP_SEPARATE
HANDICAPPED DRIVER SERVICES-FLORIDA,HANDICAPPED DRIVER SERVICES-ALABAMA,85.71,LIKELY_SAME (safe to merge),KEEP_SEPARATE
CAPITOL PEST MANAGEMENT,CAPITAL PROJECT MANAGEMENT,85.71,LIKELY_SAME (safe to merge),KEEP_SEPARATE
PROGRESSIVE ELDERCARE SERVICES-SALINE,PROGRESSIVE ELDERCARE SERVICES-MORRILTON,85.71,LIKELY_SAME (safe to merge),KEEP_SEPARATE
CHARTER COMMUNICATIONS OPERATING,CHARTER COMMUNICATIONS HOLDINGS,85.71,LIKELY_SAME (safe to merge),KEEP_SEPARATE
PROGRESSIVE ELDERCARE SERVICES,PROGRESSIVE ELDERCARE SERVICES-MORRILTON,85.71,LIKELY_SAME (safe to merge),KEEP_SEPARATE
CENTRAL MAINE ORTHOTICS & PROSTHETICS,CENTRAL TEXAS ORTHOTICS & PROSTHETICS LP,85.71,LIKELY_SAME (safe to merge),KEEP_SEPARATE
ALDEN - VALLEY RIDGE REHABILITATION AND HEALTH CARE CENTER,ALDEN LONG GROVE REHABILITATION AND HEALTH CARE CENTER,85.71,LIKELY_SAME (safe to merge),KEEP_SEPARATE
SSC MARLIN OPERATING COMPANY,SSC MYSTIC OPERATING COMPANY,85.71,LIKELY_SAME (safe to merge),KEEP_SEPARATE
THE REMI GROUP,THE TRIM GROUP,85.71,LIKELY_SAME (safe to merge),KEEP_SEPARATE
ADVANCED CABLE SOLUTIONS,ADVANCED SOLUTIONS,85.71,LIKELY_SAME (safe to merge),KEEP_SEPARATE
REGENTS OF THE UNIVERSITY OF CALIFORNIA,REGENTS OF THE UNIVERSITY OF CALIFORNIA AT RIVERSIDE,85.71,LIKELY_SAME (safe to merge),KEEP_SEPARATE
REGENTS OF THE UNIVERSITY OF MICHIGAN,REGENTS OF THE UNIVERSITY OF MINNESOTA,85.33,LIKELY_SAME (safe to merge),KEEP_SEPARATE
SSC GREENFIELD OPERATING COMPANY,SSC WACO GREENVIEW OPERATING COMPANY,85.29,LIKELY_SAME (safe to merge),KEEP_SEPARATE
UNITED SITE SERVICES OF NEVADA,UNITED SITE SERVICES OF FLORIDA,85.25,LIKELY_SAME (safe to merge),KEEP_SEPARATE
AMERICAN MEDICAL ASSOCIATION,AMERICAN TELEMEDICINE ASSOCIATION,85.25,LIKELY_SAME (safe to merge),KEEP_SEPARATE
UNITED SITE SERVICES OF GEORGIA,UNITED SITE SERVICES OF NEVADA,85.25,LIKELY_SAME (safe to merge),KEEP_SEPARATE
ANEW HEALTHCARE OPERATIONS,ANEW HEALTHCARE OPERATIONS - EASTON,85.25,LIKELY_SAME (safe to merge),KEEP_SEPARATE
WASTE MANAGEMENT OF OREGON,WASTE MANAGEMENT OF COLORADO,85.19,LIKELY_SAME (safe to merge),KEEP_SEPARATE
WASTE MANAGEMENT OF OREGON,WASTE MANAGEMENT OF VIRGINIA,85.19,LIKELY_SAME (safe to merge),KEEP_SEPARATE
AMERICAN HEART ASSOCIATION,AMERICAN MEDICAL ASSOCIATION,85.19,LIKELY_SAME (safe to merge),KEEP_SEPARATE
INNOVATIVE SUPPORT SOLUTIONS,INNOVATIVE STEAM SOLUTIONS,85.19,LIKELY_SAME (safe to merge),KEEP_SEPARATE
ALDEN LINCOLN PARK REHABILITATION & HEALTH CARE CENTER,ALDEN LONG GROVE REHABILITATION AND HEALTH CARE CENTER,85.19,LIKELY_SAME (safe to merge),KEEP_SEPARATE
INTEGRITY FEDERAL SERVICES,INTEGRITY NV FUNERAL SERVICE,85.19,LIKELY_SAME (safe to merge),KEEP_SEPARATE
UNIVERSITY OF MARYLAND RADIATION ONCOLOGY ASSOCIATES PA,UNIVERSITY OF MARYLAND NEUROLOGY ASSOCIATES PA,85.15,LIKELY_SAME (safe to merge),KEEP_SEPARATE
THE REGENTS OF THE UNIVERSITY OF COLORADO,THE REGENTS OF THE UNIVERSITY OF CALIFORNIA SAN DIEGO,85.11,LIKELY_SAME (safe to merge),KEEP_SEPARATE
UNIVERSITY OF KANSAS HOSPITAL AUTHORITY,UNIVERSITY OF COLORADO HOSPITAL AUTHORITY,85,LIKELY_SAME (safe to merge),KEEP_SEPARATE
LIFE TECHNOLOGIES,LIFECANVAS TECHNOLOGIES,85,LIKELY_SAME (safe to merge),KEEP_SEPARATE
RIVETER ENTERPRISES,RIVERWALK ENTERPRISES,85,LIKELY_SAME (safe to merge),KEEP_SEPARATE
